CREATE DATABASE  IF NOT EXISTS `restaurantdb` /*!40100 DEFAULT CHARACTER SET utf8mb4 COLLATE utf8mb4_0900_ai_ci */ /*!80016 DEFAULT ENCRYPTION='N' */;
USE `restaurantdb`;
-- MySQL dump 10.13  Distrib 8.0.19, for Win64 (x86_64)
--
-- Host: localhost    Database: restaurantdb
-- ------------------------------------------------------
-- Server version	8.0.19

/*!40101 SET @OLD_CHARACTER_SET_CLIENT=@@CHARACTER_SET_CLIENT */;
/*!40101 SET @OLD_CHARACTER_SET_RESULTS=@@CHARACTER_SET_RESULTS */;
/*!40101 SET @OLD_COLLATION_CONNECTION=@@COLLATION_CONNECTION */;
/*!50503 SET NAMES utf8 */;
/*!40103 SET @OLD_TIME_ZONE=@@TIME_ZONE */;
/*!40103 SET TIME_ZONE='+00:00' */;
/*!40014 SET @OLD_UNIQUE_CHECKS=@@UNIQUE_CHECKS, UNIQUE_CHECKS=0 */;
/*!40014 SET @OLD_FOREIGN_KEY_CHECKS=@@FOREIGN_KEY_CHECKS, FOREIGN_KEY_CHECKS=0 */;
/*!40101 SET @OLD_SQL_MODE=@@SQL_MODE, SQL_MODE='NO_AUTO_VALUE_ON_ZERO' */;
/*!40111 SET @OLD_SQL_NOTES=@@SQL_NOTES, SQL_NOTES=0 */;

--
-- Table structure for table `branch`
--

DROP TABLE IF EXISTS `branch`;
/*!40101 SET @saved_cs_client     = @@character_set_client */;
/*!50503 SET character_set_client = utf8mb4 */;
CREATE TABLE `branch` (
  `branchID` int NOT NULL,
  `menuVersionId` varchar(45) NOT NULL,
  `ownerSSN` int NOT NULL,
  PRIMARY KEY (`branchID`,`ownerSSN`),
  UNIQUE KEY `branchID_UNIQUE` (`branchID`),
  KEY `SSN_idx` (`ownerSSN`),
  CONSTRAINT `SSN` FOREIGN KEY (`ownerSSN`) REFERENCES `owner` (`SSN`)
) ENGINE=InnoDB DEFAULT CHARSET=utf8mb4 COLLATE=utf8mb4_0900_ai_ci;
/*!40101 SET character_set_client = @saved_cs_client */;

--
-- Dumping data for table `branch`
--

LOCK TABLES `branch` WRITE;
/*!40000 ALTER TABLE `branch` DISABLE KEYS */;
INSERT INTO `branch` VALUES (1,'1',300000),(2,'1',300001),(3,'1',300001),(4,'1.1',300002);
/*!40000 ALTER TABLE `branch` ENABLE KEYS */;
UNLOCK TABLES;

--
-- Table structure for table `customer_phone`
--

DROP TABLE IF EXISTS `customer_phone`;
/*!40101 SET @saved_cs_client     = @@character_set_client */;
/*!50503 SET character_set_client = utf8mb4 */;
CREATE TABLE `customer_phone` (
  `customerId` int NOT NULL,
  `phone` int NOT NULL,
  PRIMARY KEY (`customerId`,`phone`),
  CONSTRAINT `phoneCustomerId` FOREIGN KEY (`customerId`) REFERENCES `customers` (`id`)
) ENGINE=InnoDB DEFAULT CHARSET=utf8mb4 COLLATE=utf8mb4_0900_ai_ci;
/*!40101 SET character_set_client = @saved_cs_client */;

--
-- Dumping data for table `customer_phone`
--

LOCK TABLES `customer_phone` WRITE;
/*!40000 ALTER TABLE `customer_phone` DISABLE KEYS */;
INSERT INTO `customer_phone` VALUES (10,234847),(11,123456),(12,234456);
/*!40000 ALTER TABLE `customer_phone` ENABLE KEYS */;
UNLOCK TABLES;

--
-- Table structure for table `customers`
--

DROP TABLE IF EXISTS `customers`;
/*!40101 SET @saved_cs_client     = @@character_set_client */;
/*!50503 SET character_set_client = utf8mb4 */;
CREATE TABLE `customers` (
  `id` int NOT NULL AUTO_INCREMENT,
  `email` varchar(255) NOT NULL,
  `fname` varchar(255) NOT NULL,
  `lname` varchar(255) NOT NULL,
  PRIMARY KEY (`id`)
) ENGINE=InnoDB AUTO_INCREMENT=13 DEFAULT CHARSET=utf8;
/*!40101 SET character_set_client = @saved_cs_client */;

--
-- Dumping data for table `customers`
--

LOCK TABLES `customers` WRITE;
/*!40000 ALTER TABLE `customers` DISABLE KEYS */;
INSERT INTO `customers` VALUES (10,'a@gmail.com','Alpha','Cust'),(11,'b@gmail.com','Beta','Cust'),(12,'c@gmail.com','Charlie','Cust');
/*!40000 ALTER TABLE `customers` ENABLE KEYS */;
UNLOCK TABLES;

--
-- Table structure for table `cutomer_address`
--

DROP TABLE IF EXISTS `cutomer_address`;
/*!40101 SET @saved_cs_client     = @@character_set_client */;
/*!50503 SET character_set_client = utf8mb4 */;
CREATE TABLE `cutomer_address` (
  `customerId` int NOT NULL,
  `address` varchar(50) NOT NULL,
  PRIMARY KEY (`customerId`,`address`),
  CONSTRAINT `customerIdAdress` FOREIGN KEY (`customerId`) REFERENCES `customers` (`id`)
) ENGINE=InnoDB DEFAULT CHARSET=utf8mb4 COLLATE=utf8mb4_0900_ai_ci;
/*!40101 SET character_set_client = @saved_cs_client */;

--
-- Dumping data for table `cutomer_address`
--

LOCK TABLES `cutomer_address` WRITE;
/*!40000 ALTER TABLE `cutomer_address` DISABLE KEYS */;
/*!40000 ALTER TABLE `cutomer_address` ENABLE KEYS */;
UNLOCK TABLES;

--
-- Table structure for table `dish`
--

DROP TABLE IF EXISTS `dish`;
/*!40101 SET @saved_cs_client     = @@character_set_client */;
/*!50503 SET character_set_client = utf8mb4 */;
CREATE TABLE `dish` (
  `id` int NOT NULL AUTO_INCREMENT,
  `name` varchar(50) NOT NULL,
  `description` varchar(500) NOT NULL,
  `price` double NOT NULL,
  `numOfOrders` int NOT NULL DEFAULT '0',
  PRIMARY KEY (`id`),
  UNIQUE KEY `dishId_UNIQUE` (`id`)
) ENGINE=InnoDB AUTO_INCREMENT=9 DEFAULT CHARSET=utf8mb4 COLLATE=utf8mb4_0900_ai_ci;
/*!40101 SET character_set_client = @saved_cs_client */;

--
-- Dumping data for table `dish`
--

LOCK TABLES `dish` WRITE;
/*!40000 ALTER TABLE `dish` DISABLE KEYS */;
INSERT INTO `dish` VALUES (3,'spaghetti','an Italian dish consisting largely of spaghetti, typically with a sauce.',12,2),(4,'chicken pasta','onion, garlic, sesame oil, sayenne, chicken breast, soy sauce',15,2),(5,'tomato soup','onion, garlic, sesame oil, sayenne, chicken breast, soy sauce',15,3),(6,'strawberry dessert','strawberry topped with ice cream',8,0),(7,'peach mango pie','pie stuffed with the combination of mango and peach',4,3);
/*!40000 ALTER TABLE `dish` ENABLE KEYS */;
UNLOCK TABLES;

--
-- Table structure for table `employee`
--

DROP TABLE IF EXISTS `employee`;
/*!40101 SET @saved_cs_client     = @@character_set_client */;
/*!50503 SET character_set_client = utf8mb4 */;
CREATE TABLE `employee` (
  `SSN` int NOT NULL,
  `branchID` int NOT NULL,
  `position` varchar(45) NOT NULL,
  `yearsOfExperience` int NOT NULL,
  `phone` varchar(45) NOT NULL,
  `salary` float NOT NULL,
  `city` varchar(45) NOT NULL,
  `zipCode` varchar(45) NOT NULL,
  `fName` varchar(45) NOT NULL,
  `lName` varchar(45) NOT NULL,
  PRIMARY KEY (`SSN`),
  UNIQUE KEY `SSN_UNIQUE` (`SSN`),
  KEY `branchID_idx` (`branchID`),
  CONSTRAINT `branchID` FOREIGN KEY (`branchID`) REFERENCES `branch` (`branchID`)
) ENGINE=InnoDB DEFAULT CHARSET=utf8mb4 COLLATE=utf8mb4_0900_ai_ci;
/*!40101 SET character_set_client = @saved_cs_client */;

--
-- Dumping data for table `employee`
--

LOCK TABLES `employee` WRITE;
/*!40000 ALTER TABLE `employee` DISABLE KEYS */;
/*!40000 ALTER TABLE `employee` ENABLE KEYS */;
UNLOCK TABLES;

--
-- Table structure for table `in_restaurant`
--

DROP TABLE IF EXISTS `in_restaurant`;
/*!40101 SET @saved_cs_client     = @@character_set_client */;
/*!50503 SET character_set_client = utf8mb4 */;
CREATE TABLE `in_restaurant` (
  `orderBillingNo` int NOT NULL,
  PRIMARY KEY (`orderBillingNo`),
  CONSTRAINT `restaurantBillNo` FOREIGN KEY (`orderBillingNo`) REFERENCES `order` (`billingNo`)
) ENGINE=InnoDB DEFAULT CHARSET=utf8mb4 COLLATE=utf8mb4_0900_ai_ci;
/*!40101 SET character_set_client = @saved_cs_client */;

--
-- Dumping data for table `in_restaurant`
--

LOCK TABLES `in_restaurant` WRITE;
/*!40000 ALTER TABLE `in_restaurant` DISABLE KEYS */;
/*!40000 ALTER TABLE `in_restaurant` ENABLE KEYS */;
UNLOCK TABLES;

--
-- Table structure for table `information`
--

DROP TABLE IF EXISTS `information`;
/*!40101 SET @saved_cs_client     = @@character_set_client */;
/*!50503 SET character_set_client = utf8mb4 */;
CREATE TABLE `information` (
  `branchId` int NOT NULL,
  `menu` varchar(45) NOT NULL,
  `typeOfCuisine` varchar(45) NOT NULL,
  `location` varchar(45) NOT NULL,
  PRIMARY KEY (`branchId`),
  UNIQUE KEY `branchId_UNIQUE` (`branchId`)
) ENGINE=InnoDB DEFAULT CHARSET=utf8mb4 COLLATE=utf8mb4_0900_ai_ci;
/*!40101 SET character_set_client = @saved_cs_client */;

--
-- Dumping data for table `information`
--

LOCK TABLES `information` WRITE;
/*!40000 ALTER TABLE `information` DISABLE KEYS */;
/*!40000 ALTER TABLE `information` ENABLE KEYS */;
UNLOCK TABLES;

--
-- Table structure for table `information_contactinfo`
--

DROP TABLE IF EXISTS `information_contactinfo`;
/*!40101 SET @saved_cs_client     = @@character_set_client */;
/*!50503 SET character_set_client = utf8mb4 */;
CREATE TABLE `information_contactinfo` (
  `branchID` int NOT NULL,
  `phoneNumber` int NOT NULL,
  `website` varchar(45) DEFAULT NULL,
  KEY `branchID` (`branchID`),
  CONSTRAINT `branchID_c` FOREIGN KEY (`branchID`) REFERENCES `branch` (`branchID`)
) ENGINE=InnoDB DEFAULT CHARSET=utf8mb4 COLLATE=utf8mb4_0900_ai_ci;
/*!40101 SET character_set_client = @saved_cs_client */;

--
-- Dumping data for table `information_contactinfo`
--

LOCK TABLES `information_contactinfo` WRITE;
/*!40000 ALTER TABLE `information_contactinfo` DISABLE KEYS */;
/*!40000 ALTER TABLE `information_contactinfo` ENABLE KEYS */;
UNLOCK TABLES;

--
-- Table structure for table `information_timesopen`
--

DROP TABLE IF EXISTS `information_timesopen`;
/*!40101 SET @saved_cs_client     = @@character_set_client */;
/*!50503 SET character_set_client = utf8mb4 */;
CREATE TABLE `information_timesopen` (
  `branchID` int NOT NULL,
  `weekDay` varchar(45) NOT NULL,
  `timeOpen` time NOT NULL,
  `timeClose` time NOT NULL,
  PRIMARY KEY (`branchID`,`weekDay`)
) ENGINE=InnoDB DEFAULT CHARSET=utf8mb4 COLLATE=utf8mb4_0900_ai_ci;
/*!40101 SET character_set_client = @saved_cs_client */;

--
-- Dumping data for table `information_timesopen`
--

LOCK TABLES `information_timesopen` WRITE;
/*!40000 ALTER TABLE `information_timesopen` DISABLE KEYS */;
/*!40000 ALTER TABLE `information_timesopen` ENABLE KEYS */;
UNLOCK TABLES;

--
-- Table structure for table `listed_in`
--

DROP TABLE IF EXISTS `listed_in`;
/*!40101 SET @saved_cs_client     = @@character_set_client */;
/*!50503 SET character_set_client = utf8mb4 */;
CREATE TABLE `listed_in` (
  `dishId` int NOT NULL,
  `menuVersionId` int NOT NULL,
  PRIMARY KEY (`dishId`,`menuVersionId`),
  KEY `listMenuVerId_idx` (`menuVersionId`),
  CONSTRAINT `listDishID` FOREIGN KEY (`dishId`) REFERENCES `dish` (`id`),
  CONSTRAINT `listMenuVerId` FOREIGN KEY (`menuVersionId`) REFERENCES `menu` (`versionId`)
) ENGINE=InnoDB DEFAULT CHARSET=utf8mb4 COLLATE=utf8mb4_0900_ai_ci;
/*!40101 SET character_set_client = @saved_cs_client */;

--
-- Dumping data for table `listed_in`
--

LOCK TABLES `listed_in` WRITE;
/*!40000 ALTER TABLE `listed_in` DISABLE KEYS */;
/*!40000 ALTER TABLE `listed_in` ENABLE KEYS */;
UNLOCK TABLES;

--
-- Table structure for table `membership`
--

DROP TABLE IF EXISTS `membership`;
/*!40101 SET @saved_cs_client     = @@character_set_client */;
/*!50503 SET character_set_client = utf8mb4 */;
CREATE TABLE `membership` (
  `cardId` int NOT NULL AUTO_INCREMENT,
  `tier` int NOT NULL DEFAULT '0',
  `points` int NOT NULL DEFAULT '0',
  `lastUsed` date NOT NULL,
  `customerId` int NOT NULL,
  PRIMARY KEY (`cardId`),
  UNIQUE KEY `customerId_UNIQUE` (`customerId`),
  KEY `memerCustId_idx` (`customerId`),
  CONSTRAINT `memerCustId` FOREIGN KEY (`customerId`) REFERENCES `customers` (`id`)
) ENGINE=InnoDB AUTO_INCREMENT=26 DEFAULT CHARSET=utf8mb4 COLLATE=utf8mb4_0900_ai_ci;
/*!40101 SET character_set_client = @saved_cs_client */;

--
-- Dumping data for table `membership`
--

LOCK TABLES `membership` WRITE;
/*!40000 ALTER TABLE `membership` DISABLE KEYS */;
INSERT INTO `membership` VALUES (25,1,10000,'2019-04-14',11);
/*!40000 ALTER TABLE `membership` ENABLE KEYS */;
UNLOCK TABLES;

--
-- Table structure for table `menu`
--

DROP TABLE IF EXISTS `menu`;
/*!40101 SET @saved_cs_client     = @@character_set_client */;
/*!50503 SET character_set_client = utf8mb4 */;
CREATE TABLE `menu` (
  `versionId` int NOT NULL AUTO_INCREMENT,
  `name` varchar(45) NOT NULL,
  `dateCreated` date NOT NULL,
  `dateUpdated` date NOT NULL,
  PRIMARY KEY (`versionId`)
) ENGINE=InnoDB DEFAULT CHARSET=utf8mb4 COLLATE=utf8mb4_0900_ai_ci;
/*!40101 SET character_set_client = @saved_cs_client */;

--
-- Dumping data for table `menu`
--

LOCK TABLES `menu` WRITE;
/*!40000 ALTER TABLE `menu` DISABLE KEYS */;
/*!40000 ALTER TABLE `menu` ENABLE KEYS */;
UNLOCK TABLES;

--
-- Table structure for table `mobile`
--

DROP TABLE IF EXISTS `mobile`;
/*!40101 SET @saved_cs_client     = @@character_set_client */;
/*!50503 SET character_set_client = utf8mb4 */;
CREATE TABLE `mobile` (
  `orderBillingNo` int NOT NULL,
  `appName` varchar(45) DEFAULT NULL,
  PRIMARY KEY (`orderBillingNo`),
  CONSTRAINT `mobileBillNo` FOREIGN KEY (`orderBillingNo`) REFERENCES `order` (`billingNo`)
) ENGINE=InnoDB DEFAULT CHARSET=utf8mb4 COLLATE=utf8mb4_0900_ai_ci;
/*!40101 SET character_set_client = @saved_cs_client */;

--
-- Dumping data for table `mobile`
--

LOCK TABLES `mobile` WRITE;
/*!40000 ALTER TABLE `mobile` DISABLE KEYS */;
/*!40000 ALTER TABLE `mobile` ENABLE KEYS */;
UNLOCK TABLES;

--
-- Table structure for table `online`
--

DROP TABLE IF EXISTS `online`;
/*!40101 SET @saved_cs_client     = @@character_set_client */;
/*!50503 SET character_set_client = utf8mb4 */;
CREATE TABLE `online` (
  `orderBillingNo` int NOT NULL,
  `Website` varchar(45) DEFAULT NULL,
  PRIMARY KEY (`orderBillingNo`),
  CONSTRAINT `onlineBillNo` FOREIGN KEY (`orderBillingNo`) REFERENCES `order` (`billingNo`)
) ENGINE=InnoDB DEFAULT CHARSET=utf8mb4 COLLATE=utf8mb4_0900_ai_ci;
/*!40101 SET character_set_client = @saved_cs_client */;

--
-- Dumping data for table `online`
--

LOCK TABLES `online` WRITE;
/*!40000 ALTER TABLE `online` DISABLE KEYS */;
/*!40000 ALTER TABLE `online` ENABLE KEYS */;
UNLOCK TABLES;

--
-- Table structure for table `order`
--

DROP TABLE IF EXISTS `order`;
/*!40101 SET @saved_cs_client     = @@character_set_client */;
/*!50503 SET character_set_client = utf8mb4 */;
CREATE TABLE `order` (
  `billingNo` int NOT NULL AUTO_INCREMENT,
  `customerId` int NOT NULL,
  `billAmount` double NOT NULL,
  `date` timestamp(6) NOT NULL,
  `orderType` varchar(13) NOT NULL,
  PRIMARY KEY (`billingNo`,`customerId`),
  UNIQUE KEY `billingNo_UNIQUE` (`billingNo`),
  KEY `billingCustomerID_idx` (`customerId`),
  CONSTRAINT `billingCustomerID` FOREIGN KEY (`customerId`) REFERENCES `customers` (`id`)
) ENGINE=InnoDB AUTO_INCREMENT=30 DEFAULT CHARSET=utf8mb4 COLLATE=utf8mb4_0900_ai_ci;
/*!40101 SET character_set_client = @saved_cs_client */;

--
-- Dumping data for table `order`
--

LOCK TABLES `order` WRITE;
/*!40000 ALTER TABLE `order` DISABLE KEYS */;
INSERT INTO `order` VALUES (27,11,72,'2018-12-02 19:06:23.000000','IN_RESTAURANT'),(28,11,0,'2018-12-02 19:06:23.000000','ONLINE'),(29,10,39,'2019-04-25 09:28:00.000000','IN_RESTAURANT');
/*!40000 ALTER TABLE `order` ENABLE KEYS */;
UNLOCK TABLES;

--
-- Table structure for table `order_list`
--

DROP TABLE IF EXISTS `order_list`;
/*!40101 SET @saved_cs_client     = @@character_set_client */;
/*!50503 SET character_set_client = utf8mb4 */;
CREATE TABLE `order_list` (
  `orderNo` int NOT NULL,
  `dishId` int NOT NULL,
  `qty` int NOT NULL,
  PRIMARY KEY (`orderNo`,`dishId`),
  KEY `orderDishId_idx` (`dishId`),
  CONSTRAINT `orderDishId` FOREIGN KEY (`dishId`) REFERENCES `dish` (`id`),
  CONSTRAINT `orderlistNo` FOREIGN KEY (`orderNo`) REFERENCES `order` (`billingNo`)
) ENGINE=InnoDB DEFAULT CHARSET=utf8mb4 COLLATE=utf8mb4_0900_ai_ci;
/*!40101 SET character_set_client = @saved_cs_client */;

--
-- Dumping data for table `order_list`
--

LOCK TABLES `order_list` WRITE;
/*!40000 ALTER TABLE `order_list` DISABLE KEYS */;
INSERT INTO `order_list` VALUES (27,3,1),(27,4,2),(27,5,2),(29,3,1),(29,5,1),(29,7,3);
/*!40000 ALTER TABLE `order_list` ENABLE KEYS */;
UNLOCK TABLES;

--
-- Table structure for table `owner`
--

DROP TABLE IF EXISTS `owner`;
/*!40101 SET @saved_cs_client     = @@character_set_client */;
/*!50503 SET character_set_client = utf8mb4 */;
CREATE TABLE `owner` (
  `SSN` int NOT NULL,
  `phone` int NOT NULL,
  `fName` varchar(45) NOT NULL,
  `lName` varchar(45) NOT NULL,
  UNIQUE KEY `SSN_UNIQUE` (`SSN`)
) ENGINE=InnoDB DEFAULT CHARSET=utf8mb4 COLLATE=utf8mb4_0900_ai_ci;
/*!40101 SET character_set_client = @saved_cs_client */;

--
-- Dumping data for table `owner`
--

LOCK TABLES `owner` WRITE;
/*!40000 ALTER TABLE `owner` DISABLE KEYS */;
/*!40000 ALTER TABLE `owner` ENABLE KEYS */;
UNLOCK TABLES;

--
-- Table structure for table `revenue`
--

DROP TABLE IF EXISTS `revenue`;
/*!40101 SET @saved_cs_client     = @@character_set_client */;
/*!50503 SET character_set_client = utf8mb4 */;
CREATE TABLE `revenue` (
  `branchID` int NOT NULL,
  `DATE` date NOT NULL,
  `total` float NOT NULL,
  `profit` float NOT NULL,
  `loss` float NOT NULL,
  KEY `branchID_r_idx` (`branchID`),
  CONSTRAINT `branchID_r` FOREIGN KEY (`branchID`) REFERENCES `branch` (`branchID`)
) ENGINE=InnoDB DEFAULT CHARSET=utf8mb4 COLLATE=utf8mb4_0900_ai_ci;
/*!40101 SET character_set_client = @saved_cs_client */;

--
-- Dumping data for table `revenue`
--

LOCK TABLES `revenue` WRITE;
/*!40000 ALTER TABLE `revenue` DISABLE KEYS */;
/*!40000 ALTER TABLE `revenue` ENABLE KEYS */;
UNLOCK TABLES;

--
-- Dumping routines for database 'restaurantdb'
--
/*!50003 DROP PROCEDURE IF EXISTS `addDishtoOrder` */;
/*!50003 SET @saved_cs_client      = @@character_set_client */ ;
/*!50003 SET @saved_cs_results     = @@character_set_results */ ;
/*!50003 SET @saved_col_connection = @@collation_connection */ ;
/*!50003 SET character_set_client  = utf8mb4 */ ;
/*!50003 SET character_set_results = utf8mb4 */ ;
/*!50003 SET collation_connection  = utf8mb4_0900_ai_ci */ ;
/*!50003 SET @saved_sql_mode       = @@sql_mode */ ;
/*!50003 SET sql_mode              = 'STRICT_TRANS_TABLES,NO_ENGINE_SUBSTITUTION' */ ;
DELIMITER ;;
CREATE DEFINER=`root`@`localhost` PROCEDURE `addDishtoOrder`(orderNo int, dishId int, qty int)
BEGIN
	INSERT INTO order_list SET `orderNo` = orderNo, `dishId` = dishId, `qty` = qty;
    
    /* update the total bill of this order*/
    UPDATE restaurantdb.order
	SET restaurantdb.order.billAmount = restaurantdb.order.billAmount + (qty *(SELECT dish.price
						FROM dish
						where dish.id = dishId))
	where restaurantdb.order.billingNo = orderNo;
    
    /* update the numOfOrders of this dish */
    UPDATE dish
    SET dish.numOfOrders = dish.numOfOrders + (1 * qty)
    WHERE dish.id = dishId;
    
    /* return the order of this dish from the order_list */
    SELECT orderNo, dishId, name, qty 
    FROM order_list, dish 
    where order_list.orderNo = orderNo and order_list.dishId = dish.id and dish.id = dishId;


END ;;
DELIMITER ;
/*!50003 SET sql_mode              = @saved_sql_mode */ ;
/*!50003 SET character_set_client  = @saved_cs_client */ ;
/*!50003 SET character_set_results = @saved_cs_results */ ;
/*!50003 SET collation_connection  = @saved_col_connection */ ;
/*!50003 DROP PROCEDURE IF EXISTS `deleteDishOrder` */;
/*!50003 SET @saved_cs_client      = @@character_set_client */ ;
/*!50003 SET @saved_cs_results     = @@character_set_results */ ;
/*!50003 SET @saved_col_connection = @@collation_connection */ ;
/*!50003 SET character_set_client  = utf8mb4 */ ;
/*!50003 SET character_set_results = utf8mb4 */ ;
/*!50003 SET collation_connection  = utf8mb4_0900_ai_ci */ ;
/*!50003 SET @saved_sql_mode       = @@sql_mode */ ;
/*!50003 SET sql_mode              = 'STRICT_TRANS_TABLES,NO_ENGINE_SUBSTITUTION' */ ;
DELIMITER ;;
CREATE DEFINER=`root`@`localhost` PROCEDURE `deleteDishOrder`(orderNo int, dishId int)
BEGIN	/* Used in ORDER: delete dish from list */
	/* update the total bill of this order*/
    UPDATE restaurantdb.order
	SET restaurantdb.order.billAmount = 
    restaurantdb.order.billAmount - ((SELECT qty FROM order_list where order_list.orderNo = orderNo and order_list.dishId = dishId) *(SELECT dish.price
						FROM dish
						where dish.id = dishId))
	where restaurantdb.order.billingNo = orderNo;
    
	/* update the numOfOrders of this dish */
    UPDATE dish
    SET dish.numOfOrders = dish.numOfOrders - (1 * (SELECT qty FROM order_list where order_list.orderNo = orderNo and order_list.dishId = dishId))
    WHERE dish.id = dishId; 
  
	/* finally, delete this dish entry from the order_list */
	DELETE
	FROM order_list
	where order_list.orderNo = orderNo and order_list.dishId = dishId;   
    
END ;;
DELIMITER ;
/*!50003 SET sql_mode              = @saved_sql_mode */ ;
/*!50003 SET character_set_client  = @saved_cs_client */ ;
/*!50003 SET character_set_results = @saved_cs_results */ ;
/*!50003 SET collation_connection  = @saved_col_connection */ ;
/*!50003 DROP PROCEDURE IF EXISTS `deleteOrder` */;
/*!50003 SET @saved_cs_client      = @@character_set_client */ ;
/*!50003 SET @saved_cs_results     = @@character_set_results */ ;
/*!50003 SET @saved_col_connection = @@collation_connection */ ;
/*!50003 SET character_set_client  = utf8mb4 */ ;
/*!50003 SET character_set_results = utf8mb4 */ ;
/*!50003 SET collation_connection  = utf8mb4_0900_ai_ci */ ;
/*!50003 SET @saved_sql_mode       = @@sql_mode */ ;
/*!50003 SET sql_mode              = 'STRICT_TRANS_TABLES,NO_ENGINE_SUBSTITUTION' */ ;
DELIMITER ;;
CREATE DEFINER=`root`@`localhost` PROCEDURE `deleteOrder`(orderNo int)
BEGIN
	/* update numOfOrders for each dish entries in this order's order_list */
	UPDATE dish INNER JOIN order_list ON dish.id = order_list.dishId
	SET dish.numOfOrders = dish.numOfOrders - order_list.qty
	WHERE order_list.orderNo = orderNo;

	/* delete all dish entries from order_list first */
	DELETE 
    FROM order_list
    WHERE order_list.orderNo = orderNo;
    
    /* then delete order */
    DELETE
    FROM restaurantdb.order
    WHERE restaurantdb.order.billingNo = orderNo;
END ;;
DELIMITER ;
/*!50003 SET sql_mode              = @saved_sql_mode */ ;
/*!50003 SET character_set_client  = @saved_cs_client */ ;
/*!50003 SET character_set_results = @saved_cs_results */ ;
/*!50003 SET collation_connection  = @saved_col_connection */ ;
/*!50003 DROP PROCEDURE IF EXISTS `updateDish` */;
/*!50003 SET @saved_cs_client      = @@character_set_client */ ;
/*!50003 SET @saved_cs_results     = @@character_set_results */ ;
/*!50003 SET @saved_col_connection = @@collation_connection */ ;
/*!50003 SET character_set_client  = utf8mb4 */ ;
/*!50003 SET character_set_results = utf8mb4 */ ;
/*!50003 SET collation_connection  = utf8mb4_0900_ai_ci */ ;
/*!50003 SET @saved_sql_mode       = @@sql_mode */ ;
/*!50003 SET sql_mode              = 'STRICT_TRANS_TABLES,NO_ENGINE_SUBSTITUTION' */ ;
DELIMITER ;;
CREATE DEFINER=`root`@`localhost` PROCEDURE `updateDish`(dishId int, changeName varchar(50), descript varchar(500), price int, numOfOrders int)
BEGIN
	if (changeName is not null) then
		UPDATE dish SET dish.name = changeName where dish.id = dishId;
	end if;
	if (descript is not null) then
		UPDATE dish SET dish.description = descript where dish.id = dishId;
	end if;
	if (price is not null) then
		UPDATE dish SET dish.price = price where dish.id = dishId;
	end if;
	if (numOfOrders is not null) then
		UPDATE dish SET dish.numOfOrders = numOfOrders where dish.id = dishId;
	end if;
END ;;
DELIMITER ;
/*!50003 SET sql_mode              = @saved_sql_mode */ ;
/*!50003 SET character_set_client  = @saved_cs_client */ ;
/*!50003 SET character_set_results = @saved_cs_results */ ;
/*!50003 SET collation_connection  = @saved_col_connection */ ;
/*!50003 DROP PROCEDURE IF EXISTS `updateDishOrderQty` */;
/*!50003 SET @saved_cs_client      = @@character_set_client */ ;
/*!50003 SET @saved_cs_results     = @@character_set_results */ ;
/*!50003 SET @saved_col_connection = @@collation_connection */ ;
/*!50003 SET character_set_client  = utf8mb4 */ ;
/*!50003 SET character_set_results = utf8mb4 */ ;
/*!50003 SET collation_connection  = utf8mb4_0900_ai_ci */ ;
/*!50003 SET @saved_sql_mode       = @@sql_mode */ ;
/*!50003 SET sql_mode              = 'STRICT_TRANS_TABLES,NO_ENGINE_SUBSTITUTION' */ ;
DELIMITER ;;
CREATE DEFINER=`root`@`localhost` PROCEDURE `updateDishOrderQty`(orderNo int, dishId int, newqty int)
BEGIN
declare oldqty int;
declare difference int;

SELECT qty
INTO oldqty
FROM order_list
where order_list.orderNo = orderNo and order_list.dishId = dishId;

/* update order_list with the new quantity */
SET difference = newqty - oldqty;
UPDATE order_list
SET qty = newqty
WHERE order_list.orderNo = orderNo and order_list.dishId = dishId;
  
/* update the total bill of this order*/
UPDATE restaurantdb.order
SET restaurantdb.order.billAmount = restaurantdb.order.billAmount + (difference *(SELECT dish.price
						FROM dish
						where dish.id = dishId))
where restaurantdb.order.billingNo = orderNo;

/* update the dish's numOfOrders */
	UPDATE dish
    SET dish.numOfOrders = dish.numOfOrders + difference
    WHERE dish.id = dishId;   

/* return the order of this dish from the order_list */
SELECT orderNo, dishId, name, qty 
FROM order_list, dish 
where order_list.orderNo = orderNo and order_list.dishId = dish.id and dish.id = dishId;
    
END ;;
DELIMITER ;
/*!50003 SET sql_mode              = @saved_sql_mode */ ;
/*!50003 SET character_set_client  = @saved_cs_client */ ;
/*!50003 SET character_set_results = @saved_cs_results */ ;
/*!50003 SET collation_connection  = @saved_col_connection */ ;
/*!50003 DROP PROCEDURE IF EXISTS `updateMember` */;
/*!50003 SET @saved_cs_client      = @@character_set_client */ ;
/*!50003 SET @saved_cs_results     = @@character_set_results */ ;
/*!50003 SET @saved_col_connection = @@collation_connection */ ;
/*!50003 SET character_set_client  = utf8mb4 */ ;
/*!50003 SET character_set_results = utf8mb4 */ ;
/*!50003 SET collation_connection  = utf8mb4_0900_ai_ci */ ;
/*!50003 SET @saved_sql_mode       = @@sql_mode */ ;
/*!50003 SET sql_mode              = 'STRICT_TRANS_TABLES,NO_ENGINE_SUBSTITUTION' */ ;
DELIMITER ;;
CREATE DEFINER=`root`@`localhost` PROCEDURE `updateMember`(cardId Int, tier int, points int, lastUsed date)
BEGIN
	if (tier is not null) then
		UPDATE membership SET membership.tier = tier where membership.cardId = cardId;
	end if;
	if (points is not null) then
		UPDATE membership SET membership.points = points where membership.cardId = cardId;
	end if;
	if (lastUsed is not null) then
		UPDATE membership SET membership.lastUsed = lastUsed where membership.cardId = cardId;
	end if;
END ;;
DELIMITER ;
/*!50003 SET sql_mode              = @saved_sql_mode */ ;
/*!50003 SET character_set_client  = @saved_cs_client */ ;
/*!50003 SET character_set_results = @saved_cs_results */ ;
/*!50003 SET collation_connection  = @saved_col_connection */ ;
/*!50003 DROP PROCEDURE IF EXISTS `updateOrder` */;
/*!50003 SET @saved_cs_client      = @@character_set_client */ ;
/*!50003 SET @saved_cs_results     = @@character_set_results */ ;
/*!50003 SET @saved_col_connection = @@collation_connection */ ;
/*!50003 SET character_set_client  = utf8mb4 */ ;
/*!50003 SET character_set_results = utf8mb4 */ ;
/*!50003 SET collation_connection  = utf8mb4_0900_ai_ci */ ;
/*!50003 SET @saved_sql_mode       = @@sql_mode */ ;
/*!50003 SET sql_mode              = 'STRICT_TRANS_TABLES,NO_ENGINE_SUBSTITUTION' */ ;
DELIMITER ;;
CREATE DEFINER=`root`@`localhost` PROCEDURE `updateOrder`(orderNo int, billAmnt int, newDate timestamp(6), orderType varchar(13))
BEGIN
	if (billAmnt is not null) then
		UPDATE restaurantdb.order SET billAmount = billAmnt where billingNo = orderNo;
    end if;
	if (newDate is not null) then
		UPDATE restaurantdb.order SET restaurantdb.order.date = newDate where billingNo = orderNo;
    end if;
	if (orderType is not null) then
    	UPDATE restaurantdb.order SET restaurantdb.order.orderType = orderType where billingNo = orderNo;
    end if;
    
    SELECT *
    FROM restaurantdb.order
    WHERE billingNo = orderNo;
END ;;
DELIMITER ;
/*!50003 SET sql_mode              = @saved_sql_mode */ ;
/*!50003 SET character_set_client  = @saved_cs_client */ ;
/*!50003 SET character_set_results = @saved_cs_results */ ;
/*!50003 SET collation_connection  = @saved_col_connection */ ;
/*!40103 SET TIME_ZONE=@OLD_TIME_ZONE */;

/*!40101 SET SQL_MODE=@OLD_SQL_MODE */;
/*!40014 SET FOREIGN_KEY_CHECKS=@OLD_FOREIGN_KEY_CHECKS */;
/*!40014 SET UNIQUE_CHECKS=@OLD_UNIQUE_CHECKS */;
/*!40101 SET CHARACTER_SET_CLIENT=@OLD_CHARACTER_SET_CLIENT */;
/*!40101 SET CHARACTER_SET_RESULTS=@OLD_CHARACTER_SET_RESULTS */;
/*!40101 SET COLLATION_CONNECTION=@OLD_COLLATION_CONNECTION */;
/*!40111 SET SQL_NOTES=@OLD_SQL_NOTES */;

-- Dump completed on 2020-04-15 10:02:58
